Topic,Count,Name,Representation,Representative_Docs
-1,2327,-1_wind_rt_energy_power,"['wind', 'rt', 'energy', 'power', 'turbines', 'wind turbines', 'climate', 'wind power', 'germany', 'wind energy']","['rt @ svenjaschulze68 : germany needs expansion renewable energies : nationwide exclusion zones around even smallest settlements be‚Ä¶', 'rt @ svenjaschulze68 : germany needs expansion renewable energies : nationwide exclusion zones around even smallest settlements be‚Ä¶', 'rt @ svenjaschulze68 : germany needs expansion renewable energies : nationwide exclusion zones around even smallest settlements be‚Ä¶']"
0,471,0_nuclear_power_solar_nuclear power,"['nuclear', 'power', 'solar', 'nuclear power', 'energy', 'nt', 'plants', 'wind power', 'pv', 'electricity']","['rt @ riffklima : s prediction 2020 , nuclear power will now big issue ( else nt solar wind power ...', 'rt @ riffklima : s prediction 2020 , nuclear power will now big issue ( else nt solar wind power ...', 'rt @ riffklima : s prediction 2020 , nuclear power will now big issue ( else nt solar wind power ...']"
1,204,1_wind power_windpower_power_opponents,"['wind power', 'windpower', 'power', 'opponents', 'windmill', 'nt', 'get', 'wind', 'power opponents', 'andreaslahmewd need']","['rt @ andreaslahmewd : `` need consensus wind power opponents  # windenergy expansion get ground . seriously , mr. @ peteraltmai‚Ä¶', 'rt @ andreaslahmewd : `` need consensus wind power opponents  # windenergy expansion get ground . seriously , mr. @ peteraltmai‚Ä¶', 'rt @ andreaslahmewd : `` need consensus wind power opponents  # windenergy expansion get ground . seriously , mr. @ peteraltmai‚Ä¶']"
2,184,2_electricity_germany_2019_german,"['electricity', 'germany', '2019', 'german', 'wind', 'energy', 'consumption', 'wind power', 'power', 'electricity consumption']","['rt @ stromreport : # energyturnaround record 2019 : 46 % green electricity german electricity mix üí® # wind energy 24.5 % : important energy source üî• coal regression ...', 'rt @ stromreport : # energyturnaround record 2019 : 46 % green electricity german electricity mix üí® # wind energy 24.5 % : important energy source üî• coal regression ...', 'rt @ stromreport : # energyturnaround record 2019 : 46 % green electricity german electricity mix üí® # wind energy 24.5 % : important energy source üî• coal regression ...']"
3,157,3_species_conservation_species conservation_species protection,"['species', 'conservation', 'species conservation', 'species protection', 'nature', 'nature conservation', 'protection', 'jakrueger', 'nabude', 'accelerated expansion']","['rt @ vlab_natur : informal talks `` accelerated expansion  wind power : legal rights restricted federal nature conservation act ...', 'rt @ vlab_natur : informal talks `` accelerated expansion  wind power : legal rights restricted federal nature conservation act ...', 'rt @ vlab_natur : informal talks `` accelerated expansion  wind power : legal rights restricted federal nature conservation act ...']"
4,145,4_alpine republic_energy alpine_republic austria_alpine,"['alpine republic', 'energy alpine', 'republic austria', 'alpine', 'republic', 'austria', 'austria wind', 'wind energy', 'energy', 'wind']","['wind energy alpine republic austria', 'wind energy alpine republic austria', 'wind energy alpine republic austria']"
5,124,5_allowance_spd_municipalities_acceptance,"['allowance', 'spd', 'municipalities', 'acceptance', 'participation', 'citizen', 'windcitizens allowance', 'windcitizens', 'acceptance wind', 'spd wants']","['rt @ hugomuellervogg : @ spdbt wants promote acceptance wind turbines # windcitizens  allowance . # railwaycitizens  allowance , ‚Ä¶', 'rt @ hugomuellervogg : @ spdbt wants promote acceptance wind turbines # windcitizens  allowance . # railwaycitizens  allowance , ‚Ä¶', 'rt @ hugomuellervogg : @ spdbt wants promote acceptance wind turbines # windcitizens  allowance . # railwaycitizens  allowance , ‚Ä¶']"
6,123,6_lignite_overtakes_overtakes lignite_first time,"['lignite', 'overtakes', 'overtakes lignite', 'first time', 'lignite first', 'time germany', 'coal completely', 'germany prevent', 'prevent coal', 'power overtakes']","['rt @ vquaschning : electricity generation # wind power overtakes # lignite first time germany . prevent coal completely displaced ...', 'rt @ vquaschning : electricity generation # wind power overtakes # lignite first time germany . prevent coal completely displaced ...', 'rt @ vquaschning : electricity generation # wind power overtakes # lignite first time germany . prevent coal completely displaced ...']"
7,108,7_cdu_stop destroying_destroying_cducsu,"['cdu', 'stop destroying', 'destroying', 'cducsu', 'stop', 'wing', 'business wing', 'cdu csu', 'rt solarole', 'windenergy wrong']","['rt @ solarole : stop destroying future @ cdu ! ! ! stop destroying # photovoltaics # windenergy ! s wrong ...', 'rt @ solarole : stop destroying future @ cdu ! ! ! stop destroying # photovoltaics # windenergy ! s wrong ...', 'rt @ solarole : stop destroying future @ cdu ! ! ! stop destroying # photovoltaics # windenergy ! s wrong ...']"
8,98,8_residential buildings_buildings_residential_meters residential,"['residential buildings', 'buildings', 'residential', 'meters residential', 'distance 1000', 'hallaschkahh minimum', 'buildings seems', 'seems sensible', 'sensible windpower', 'meters']","['rt @ hallaschka_hh : # minimum distance 1000 meters residential buildings seems sensible # windpower # windenergy', 'rt @ hallaschka_hh : # minimum distance 1000 meters residential buildings seems sensible # windpower # windenergy', 'rt @ hallaschka_hh : # minimum distance 1000 meters residential buildings seems sensible # windpower # windenergy']"
9,95,9_radical brake_wants lift_new expansion_gw pv,"['radical brake', 'wants lift', 'new expansion', 'gw pv', 'cap radical', 'requires new', 'photovoltaics requires', 'lift 52', '52 gw', 'vquaschning cducsubt']","['rt @ vquaschning : @ cducsubt wants lift 52 gw pv cap , radical brake expansion # photovoltaics , requires new expansion‚Ä¶', 'rt @ vquaschning : @ cducsubt wants lift 52 gw pv cap , radical brake expansion # photovoltaics , requires new expansion‚Ä¶', 'rt @ vquaschning : @ cducsubt wants lift 52 gw pv cap , radical brake expansion # photovoltaics , requires new expansion‚Ä¶']"
10,94,10_forest_forests_reinhardswald_power forest,"['forest', 'forests', 'reinhardswald', 'power forest', 'turbines forests', 'infotweet fdpbt', 'protectforests', 'protection enormously', 'protectforests stop', 'fdpbt motion']","['rt @ klausmindrup : # infotweet @ fdpbt motion `` # protectforests - stop clearing # wind power  : # forest protection enormously important , : at‚Ä¶', 'rt @ klausmindrup : # infotweet @ fdpbt motion `` # protectforests - stop clearing # wind power  : # forest protection enormously important , : at‚Ä¶', 'rt @ klausmindrup : # infotweet @ fdpbt motion `` # protectforests - stop clearing # wind power  : # forest protection enormously important , : at‚Ä¶']"
11,92,11_birds_bird_glass_glass panes,"['birds', 'bird', 'glass', 'glass panes', 'panes', 'killers', 'bird killers', 'balelt41', 'bats', 'rt vlabnatur']","['rt @ balelt41 : acceptance wind power : s astonishing 18 million # birds germany die # glass panes , including much larger ones ...', 'rt @ balelt41 : acceptance wind power : s astonishing 18 million # birds germany die # glass panes , including much larger ones ...', 'rt @ balelt41 : acceptance wind power : s astonishing 18 million # birds germany die # glass panes , including much larger ones ...']"
12,88,12_peteraltmaier_bmwibund_vs_advance,"['peteraltmaier', 'bmwibund', 'vs', 'advance', 'advance renewables', 'peteraltmaier head', 'rohdepatrick', 'renewables now', 'time advance', 'head bmwibund']","['rt @ constzerger : @ peteraltmaier head @ bmwi_bund almost two years . plenty time advance # renewables . now # nje‚Ä¶', 'rt @ constzerger : @ peteraltmaier head @ bmwi_bund almost two years . plenty time advance # renewables . now # nje‚Ä¶', 'rt @ constzerger : @ peteraltmaier head @ bmwi_bund almost two years . plenty time advance # renewables . now # nje‚Ä¶']"
13,83,13_schleswigholstein_denmark_succeeds germany_denmark succeeds,"['schleswigholstein', 'denmark', 'succeeds germany', 'denmark succeeds', 'germany fails', 'succeeds', 'fails', 'dutch', 'social', 'trains run']","['rt @ bweev : denmark succeeds germany fails : social consensus denmark # windenergy . b‚Ä¶', 'rt @ bweev : denmark succeeds germany fails : social consensus denmark # windenergy . b‚Ä¶', 'rt @ bweev : denmark succeeds germany fails : social consensus denmark # windenergy . b‚Ä¶']"
14,80,14_jobs_industry_lost_jobs lost,"['jobs', 'industry', 'lost', 'jobs lost', 'solar', 'solar industry', 'thousands', 'climate', 'coal', 'lost since']","['rt @ goeringeckardt : 40,000 jobs lost since 2016 : thanks grand coalition , # windenergy industry facing challenges solar industry it‚Ä¶', 'rt @ goeringeckardt : 40,000 jobs lost since 2016 : thanks grand coalition , # windenergy industry facing challenges solar industry it‚Ä¶', 'rt @ goeringeckardt : 40,000 jobs lost since 2016 : thanks grand coalition , # windenergy industry facing challenges solar industry it‚Ä¶']"
15,77,15_2000 25_disaster windpower_even structurally_weak areas,"['2000 25', 'disaster windpower', 'even structurally', 'weak areas', 'vquaschning disaster', 'threatened even', 'lowest expansion', 'jobs threatened', 'expansion since', 'structurally weak']","['rt @ vquaschning : disaster # windpower expansion . lowest expansion since 2000 . 25 % jobs threatened , even structurally weak areas.‚Ä¶', 'rt @ vquaschning : disaster # windpower expansion . lowest expansion since 2000 . 25 % jobs threatened , even structurally weak areas.‚Ä¶', 'rt @ vquaschning : disaster # windpower expansion . lowest expansion since 2000 . 25 % jobs threatened , even structurally weak areas.‚Ä¶']"
16,75,16_onshore windpower_now also_also collapsing_stifled onshore,"['onshore windpower', 'now also', 'also collapsing', 'stifled onshore', 'stifled', 'government stifled', 'collapsing 2020', 'expansion offshore', 'vquaschning government', 'power now']","['rt @ vquaschning : government stifled onshore # windpower expansion , # offshore wind power now also collapsing 2020 . w‚Ä¶', 'rt @ vquaschning : government stifled onshore # windpower expansion , # offshore wind power now also collapsing 2020 . w‚Ä¶', 'rt @ vquaschning : government stifled onshore # windpower expansion , # offshore wind power now also collapsing 2020 . w‚Ä¶']"
17,75,17_sounds like_dwellers nt_green city_windpower sounds,"['sounds like', 'dwellers nt', 'green city', 'windpower sounds', 'darwinsmutter case', 'case green', 'like distancerule', 'know windpower', 'dwellers', 'city dwellers']","['rt @ darwinsmutter : case green city dwellers nt know # windpower sounds like . # distancerule', 'rt @ darwinsmutter : case green city dwellers nt know # windpower sounds like . # distancerule', 'rt @ darwinsmutter : case green city dwellers nt know # windpower sounds like . # distancerule']"
18,74,18_acceptance problem_nt acceptance_rapid expansion_acceptance,"['acceptance problem', 'nt acceptance', 'rapid expansion', 'acceptance', 'politics citizens', 'citizens want', 'problem politics', 'kainiebert wind', 'want rapid', 'politics']","['rt @ kainiebert : wind energy nt acceptance problem üá©üá™ , politics ! citizens want rapid expansion # windenergy , ‚Ä¶', 'rt @ kainiebert : wind energy nt acceptance problem üá©üá™ , politics ! citizens want rapid expansion # windenergy , ‚Ä¶', 'rt @ kainiebert : wind energy nt acceptance problem üá©üá™ , politics ! citizens want rapid expansion # windenergy , ‚Ä¶']"
19,72,19_hydrogen_green hydrogen_gigastack_local wind,"['hydrogen', 'green hydrogen', 'gigastack', 'local wind', 'danish energy', 'offshore', 'imported', 'offshore wind', 'energy', 'danish']","['rt @ engforfuture : energy imported # hydrogen will 4x expensive energy local # wind power 2050 ( research center‚Ä¶', 'rt @ engforfuture : energy imported # hydrogen will 4x expensive energy local # wind power 2050 ( research center‚Ä¶', 'rt @ engforfuture : energy imported # hydrogen will 4x expensive energy local # wind power 2050 ( research center‚Ä¶']"
20,71,20_hectares_hgmaassen 170_170 hectares_hambacherforst remain,"['hectares', 'hgmaassen 170', '170 hectares', 'hambacherforst remain', 'hectares hambacherforst', 'rt hgmaassen', '300 hectares', '1000 hectares', 'tesla outside', 'remain 300']","['rt @ hgmaassen : `` 170 hectares # hambacherforst remain , 300 hectares cleared # tesla outside # berlin , 1,000 hectares ...', 'rt @ hgmaassen : `` 170 hectares # hambacherforst remain , 300 hectares cleared # tesla outside # berlin , 1,000 hectares ...', 'rt @ hgmaassen : `` 170 hectares # hambacherforst remain , 300 hectares cleared # tesla outside # berlin , 1,000 hectares ...']"
21,69,21_climate_climate protection_climateprotection_energytransition climateprotection,"['climate', 'climate protection', 'climateprotection', 'energytransition climateprotection', 'achieve', 'achieve energytransition', 'climateprotection goals', 'expansion projects', 'badenovaag cancels', 'goals badenovaag']","['rt @ ckemfert : way will achieve # energytransition # climateprotection goals : @ badenovaag cancels wind energy expansion projects‚Ä¶', 'rt @ ckemfert : way will achieve # energytransition # climateprotection goals : @ badenovaag cancels wind energy expansion projects‚Ä¶', 'rt @ ckemfert : way will achieve # energytransition # climateprotection goals : @ badenovaag cancels wind energy expansion projects‚Ä¶']"
22,69,22_1000meter_1000meter distance_rule_distance rule,"['1000meter', '1000meter distance', 'rule', 'distance rule', 'distance', 'rule wind', 'planned 1000meter', 'longer repowered', 'many existing', 'repowered']","['rt @ vquaschning : planned 1000-meter distance rule # wind power , many existing wind farms can longer repowered‚Ä¶', 'rt @ vquaschning : planned 1000-meter distance rule # wind power , many existing wind farms can longer repowered‚Ä¶', 'rt @ vquaschning : planned 1000-meter distance rule # wind power , many existing wind farms can longer repowered‚Ä¶']"
23,67,23_germany_climate protection_climate_climateprotection,"['germany', 'climate protection', 'climate', 'climateprotection', 'protection', 'comes climate', 'pro', 'comes', 'louder germany', 'louder']","['rt @ joerg_spengler : # climateprotection : `` heroes behind good news # windpower # solarpower . germany s co2 emissions falling ...', 'rt @ joerg_spengler : # climateprotection : `` heroes behind good news # windpower # solarpower . germany s co2 emissions falling ...', 'rt @ joerg_spengler : # climateprotection : `` heroes behind good news # windpower # solarpower . germany s co2 emissions falling ...']"
24,67,24_turbines_wind turbines_mw_wind,"['turbines', 'wind turbines', 'mw', 'wind', 'new turbines', 'new', 'siemens', '2019', 'wind farm', 'farm']","['rt @ umwelthilfe : # wind power standstill . according @ bweev , five times number new wind turbines built annually meet the‚Ä¶', 'rt @ umwelthilfe : # wind power standstill . according @ bweev , five times number new wind turbines built annually meet the‚Ä¶', 'rt @ umwelthilfe : # wind power standstill . according @ bweev , five times number new wind turbines built annually meet the‚Ä¶']"
25,67,25_percent_ckemfert less_less headwind_wind 80,"['percent', 'ckemfert less', 'less headwind', 'wind 80', 'headwind wind', 'favor expanding', 'percent population', 'expanding renewable', 'headwind', '80 percent']","['rt @ ckemfert : less headwind wind : 80 percent population favor expanding renewable energies , 5 percent rejects wind‚Ä¶', 'rt @ ckemfert : less headwind wind : 80 percent population favor expanding renewable energies , 5 percent rejects wind‚Ä¶', 'rt @ ckemfert : less headwind wind : 80 percent population favor expanding renewable energies , 5 percent rejects wind‚Ä¶']"
26,62,26_hazardous waste_hazardous_waste_technology,"['hazardous waste', 'hazardous', 'waste', 'technology', 'wind', 'inefficient', 'landscape', 'technology also', 'lmirako wind', 'energy landscapedestroying']","['rt @ lmirako : # wind energy landscape-destroying , environmentally harmful , inefficient , unsafe ! dead-end technology . also ...', 'rt @ lmirako : # wind energy landscape-destroying , environmentally harmful , inefficient , unsafe ! dead-end technology . also ...', 'rt @ lmirako : # wind energy landscape-destroying , environmentally harmful , inefficient , unsafe ! dead-end technology . also ...']"
27,59,27_coal phaseout_phaseout_little_coal,"['coal phaseout', 'phaseout', 'little', 'coal', 'rea', 'little photovoltaics', 'government planning', 'planning little', 'phaseout government', 'phaseout even']","['rt @ vquaschning : little fun fact # coal phase-out : government planning little # photovoltaics # wind power coal phase-out even rea ...', 'rt @ vquaschning : little fun fact # coal phase-out : government planning little # photovoltaics # wind power coal phase-out even rea ...', 'rt @ vquaschning : little fun fact # coal phase-out : government planning little # photovoltaics # wind power coal phase-out even rea ...']"
28,57,28_offshore_offshore wind_covestro_world,"['offshore', 'offshore wind', 'covestro', 'world', 'sea', 'wind', 'offshorewind', 'onshore', 'largest', 'china']","['rt @ klimareport : wind power already experienced onshore offshore wind power experience . year least next two years ...', 'rt @ zeitung_energie : offshore wind energy rise worldwide : world forum offshore wind expects china become largest wind energy producer 2020s‚Ä¶', 'newspaper_energy `` offshore wind energy rise worldwide : world forum offshore wind expects china , dominant role onshore wind power , become world s largest market offshore wind energy 2020s. ``']"
29,57,29_bavaria demand_csu katha_demand topic_leader bavaria,"['bavaria demand', 'csu katha', 'demand topic', 'leader bavaria', 'schulze green', 'power know', 'rt csu', 'know talking', 'katha schulze', 'katha']","['rt @ csu : katha schulze , green party leader bavaria , demand topic wind power , know s talking ...', 'rt @ csu : katha schulze , green party leader bavaria , demand topic wind power , know s talking ...', 'rt @ csu : katha schulze , green party leader bavaria , demand topic wind power , know s talking ...']"
30,55,30_sabine_storm_storm sabine_75,"['sabine', 'storm', 'storm sabine', '75', 'germany electricity', 'electricity', '75 germany', 'covered almost', 'covered', 'potsdam']","['rt @ peter_simone : storm , wind power covered almost 75 % germany s electricity needs ‚Äì safely managed . power outages a‚Ä¶', 'rt @ peter_simone : storm , wind power covered almost 75 % germany s electricity needs ‚Äì safely managed . power outages a‚Ä¶', 'rt @ peter_simone : storm , wind power covered almost 75 % germany s electricity needs ‚Äì safely managed . power outages a‚Ä¶']"
31,55,31_solarenergy_mention contradiction_denier_climate denier,"['solarenergy', 'mention contradiction', 'denier', 'climate denier', 'contradiction', 'rt jumpsteady', 'jumpsteady', 'ratings windenergy', 'april 24th', 'windpower ground']","['rt @ campact : +++ global # climatestrike april 24th ‚ÄºÔ∏è+++ # windpower ground , # solarenergy brink extinction , # datteln4 instead # coalphase-out -‚Ä¶', 'rt @ campact : +++ global # climatestrike april 24th ‚ÄºÔ∏è+++ # windpower ground , # solarenergy brink extinction , # datteln4 instead # coalphase-out -‚Ä¶', 'rt @ campact : +++ global # climatestrike april 24th ‚ÄºÔ∏è+++ # windpower ground , # solarenergy brink extinction , # datteln4 instead # coalphase-out -‚Ä¶']"
32,55,32_15c_15c notmyclimatepackage_developments last_departure,"['15c', '15c notmyclimatepackage', 'developments last', 'departure', 'rt fridayforfuture', 'policy developments', 'phaseout continues', 'months departure', 'last 12', 'fridayforfuture climate']","['rt @ fridayforfuture : climate policy developments last 12 months : ‚ùå departure 1.5¬∞c # notmyclimatepackage ‚ùå coal phase-out continues ...', 'rt @ fridayforfuture : climate policy developments last 12 months : ‚ùå departure 1.5¬∞c # notmyclimatepackage ‚ùå coal phase-out continues ...', 'rt @ fridayforfuture : climate policy developments last 12 months : ‚ùå departure 1.5¬∞c # notmyclimatepackage ‚ùå coal phase-out continues ...']"
33,51,33_wrong build_weakness earth_weakness_build another,"['wrong build', 'weakness earth', 'weakness', 'build another', 'another coalfired', 'think ca', 'rt erzaehlmirnix', 'erzaehlmirnix wind', 'show weakness', 'plant nt']","['rt @ erzaehlmirnix : wind power ? completely wrong . build another coal-fired power plant ! nt show weakness , earth will think ca nt ...', 'rt @ erzaehlmirnix : wind power ? completely wrong . build another coal-fired power plant ! nt show weakness , earth will think ca nt ...', 'rt @ erzaehlmirnix : wind power ? completely wrong . build another coal-fired power plant ! nt show weakness , earth will think ca nt ...']"
34,51,34_blanket_rules_rule_distance,"['blanket', 'rules', 'rule', 'distance', 'distancing', 'altmaier wants', 'altmaier', 'distancing rules', 'blanket distance', 'distance rule']","['rt @ constzerger : @ bmwi_bund questioning blanket # distance rules # wind power ? report correct , @ petera‚Ä¶', 'energy transition : altmaier wants abolish blanket distance rule wind power via @ derspiegel', 'wind power : peter altmaier wants abolish blanket distance rule']"
35,48,35_noise_hear_turbine_wind turbine,"['noise', 'hear', 'turbine', 'wind turbine', 'closer house', 'rt tanjafoehr', 'cantimagineit', 'cantimagineit noise', 'reportedly disrupting', 'can closer']","['rt @ evastegen : @ jdoeschner @ zdf # cantimagineit noise wind turbine next highway reportedly disrupting rest ...', 'rt @ evastegen : @ jdoeschner @ zdf # cantimagineit noise wind turbine next highway reportedly disrupting rest ...', 'rt @ evastegen : @ jdoeschner @ zdf # cantimagineit noise wind turbine next highway reportedly disrupting rest ...']"
36,48,36_affordable persistence_fraunhoferise 100_great study_persistence,"['affordable persistence', 'fraunhoferise 100', 'great study', 'persistence', 'study fraunhoferise', 'vquaschning great', 'possible affordable', 'germany possible', 'persistence rt', 'fraunhoferise']","['rt @ vquaschning : great study @ fraunhoferise : 100 % renewable energy germany possible affordable . persistence ...', 'rt @ vquaschning : great study @ fraunhoferise : 100 % renewable energy germany possible affordable . persistence ...', 'rt @ vquaschning : great study @ fraunhoferise : 100 % renewable energy germany possible affordable . persistence ...']"
37,48,37_rt mhundhausen_mhundhausen_technologies rt_mhundhausen bad,"['rt mhundhausen', 'mhundhausen', 'technologies rt', 'mhundhausen bad', 'acting recklessly', 'unacceptable grand', 'news unacceptable', 'coalition acting', 'recklessly', 'recklessly future']","['rt @ m_hundhausen : bad news . s unacceptable grand coalition acting recklessly future technologies . ...', 'rt @ m_hundhausen : bad news . s unacceptable grand coalition acting recklessly future technologies . ...', 'rt @ m_hundhausen : bad news . s unacceptable grand coalition acting recklessly future technologies . ...']"
38,45,38_merkel_top priority_priority_top,"['merkel', 'top priority', 'priority', 'top', 'energy top', 'merkel makes', 'makes', 'makes expansion', 'making expansion', 'transforms society']","['rt @ ibikus31 : `` merkel makes expansion wind energy top priority .  first , federal pantsuit transforms society cities ...', 'rt @ ibikus31 : `` merkel makes expansion wind energy top priority .  first , federal pantsuit transforms society cities ...', 'rt @ ibikus31 : `` merkel makes expansion wind energy top priority .  first , federal pantsuit transforms society cities ...']"
39,45,39_far_coal phaseout_phaseout_happening far,"['far', 'coal phaseout', 'phaseout', 'happening far', 'phaseout happening', 'conceptless', 'conceptless energytransition', 'far slow', 'goals far', 'late climate']","['rt @ vquaschning : conceptless # energytransition : # coal phase-out happening far late # climate protection goals far slow s‚Ä¶', 'rt @ vquaschning : conceptless # energytransition : # coal phase-out happening far late # climate protection goals far slow s‚Ä¶', 'rt @ vquaschning : conceptless # energytransition : # coal phase-out happening far late # climate protection goals far slow s‚Ä¶']"
40,45,40_hesse_recorded siemens_heat ever_australia burning,"['hesse', 'recorded siemens', 'heat ever', 'australia burning', 'mhundhausen can', 'siemens joekaeser', 'burning worst', 'joekaeser wants', 'ever recorded', 'can true']","['rt @ m_hundhausen : can true ? australia burning , worst heat ever recorded , siemens @ joekaeser wants ...', 'rt @ m_hundhausen : can true ? australia burning , worst heat ever recorded , siemens @ joekaeser wants ...', 'rt @ m_hundhausen : can true ? australia burning , worst heat ever recorded , siemens @ joekaeser wants ...']"
41,45,41_violence_power violence_dushanwegner wind_rt dushanwegner,"['violence', 'power violence', 'dushanwegner wind', 'rt dushanwegner', 'dushanwegner', 'violence rt', 'blocked', 'lawsuit edith', 'joergrehmann word', 'disastrous defeat']","['rt @ dushanwegner : wind power violence .', 'rt @ dushanwegner : wind power violence .', 'rt @ dushanwegner : wind power violence .']"
42,44,42_bright future_still bright_future germany_bright,"['bright future', 'still bright', 'future germany', 'bright', 'power still', 'spd proposal', 'germany', '2020 considered', 'fact spd', 'germany fact']","['rt @ klimareport : 2020 considered decisive year whether wind power still bright future germany . fact spd proposal‚Ä¶', 'rt @ klimareport : 2020 considered decisive year whether wind power still bright future germany . fact spd proposal‚Ä¶', 'rt @ klimareport : 2020 considered decisive year whether wind power still bright future germany . fact spd proposal‚Ä¶']"
43,42,43_amp en_climateprotection amp_disaster expansion_final figures,"['amp en', 'climateprotection amp', 'disaster expansion', 'final figures', '2019 windpower', 'windpower disaster', 'oliverkrischer final', 'figures 2019', 'en', 'years climateprotection']","['rt @ oliver_krischer : final figures 2019 # windpower disaster : expansion lowest level 20 years . # climateprotection & amp ; # en‚Ä¶', 'rt @ oliver_krischer : final figures 2019 # windpower disaster : expansion lowest level 20 years . # climateprotection & amp ; # en‚Ä¶', 'rt @ oliver_krischer : final figures 2019 # windpower disaster : expansion lowest level 20 years . # climateprotection & amp ; # en‚Ä¶']"
44,42,44_altmaier_peter altmaier_peter_antiwind,"['altmaier', 'peter altmaier', 'peter', 'antiwind', 'september representatives', 'antiwind energy', 'representatives antiwind', 'summit september', 'network vernunftkraft', 'following peter']","['rt @ tspbackgroundek : following peter altmaier s `` wind summit  september , representatives anti-wind energy network # vernunftkraft widely‚Ä¶', 'rt @ tspbackgroundek : following peter altmaier s `` wind summit  september , representatives anti-wind energy network # vernunftkraft widely‚Ä¶', 'rt @ tspbackgroundek : following peter altmaier s `` wind summit  september , representatives anti-wind energy network # vernunftkraft widely‚Ä¶']"
45,42,45_expansion_nabude_calling_expansion wind,"['expansion', 'nabude', 'calling', 'expansion wind', 'joint', 'far slowly', 'the expansion', 'nabude environmental', 'associations therefore', 'slowly nabude']","['rt @ nabu_de : üí®the expansion wind energy progressing far slowly : @ nabu_de environmental associations therefore calling joint thesis‚Ä¶', 'rt @ nabu_de : üí®the expansion wind energy progressing far slowly : @ nabu_de environmental associations therefore calling joint thesis‚Ä¶', 'rt @ nabu_de : üí®the expansion wind energy progressing far slowly : @ nabu_de environmental associations therefore calling joint thesis‚Ä¶']"
46,42,46_1998 germany_disaster onshore_heading green_germany heading,"['1998 germany', 'disaster onshore', 'heading green', 'germany heading', 'energy gap', 'heading', 'since 1998', '1998', 'ckemfert disaster', 'level since']","['rt @ ckemfert : disaster : onshore wind energy expansion falls lowest level since 1998 . germany heading green energy gap‚Ä¶', 'rt @ ckemfert : disaster : onshore wind energy expansion falls lowest level since 1998 . germany heading green energy gap‚Ä¶', 'rt @ ckemfert : disaster : onshore wind energy expansion falls lowest level since 1998 . germany heading green energy gap‚Ä¶']"
47,41,47_krle guxhagen_krle_fire krle_firefighters,"['krle guxhagen', 'krle', 'fire krle', 'firefighters', 'afternoon police', 'police firefighters', 'guxhagen saturday', 'turbine caught', 'saturday afternoon', 'caught']","['rt @ hessenschau : wind turbine caught fire k√∂rle guxhagen saturday afternoon . police firefighters are‚Ä¶', 'rt @ hessenschau : wind turbine caught fire k√∂rle guxhagen saturday afternoon . police firefighters are‚Ä¶', 'rt @ hessenschau : wind turbine caught fire k√∂rle guxhagen saturday afternoon . police firefighters are‚Ä¶']"
48,41,48_vquaschning dear_prospect rapid_peteraltmaier graphic_graphic shows,"['vquaschning dear', 'prospect rapid', 'peteraltmaier graphic', 'graphic shows', 'prospect', 'collapse windenergy', 'market prospect', 'shows collapse', 'windenergy market', 'dear bmwibund']","['rt @ vquaschning : dear @ bmwi_bund @ peteraltmaier : graphic shows collapse # windenergy market prospect rapid ...', 'rt @ vquaschning : dear @ bmwi_bund @ peteraltmaier : graphic shows collapse # windenergy market prospect rapid ...', 'rt @ vquaschning : dear @ bmwi_bund @ peteraltmaier : graphic shows collapse # windenergy market prospect rapid ...']"
49,41,49_polls 100_hallaschkahh windenergy_25 polls_windenergy explained,"['polls 100', 'hallaschkahh windenergy', '25 polls', 'windenergy explained', 'polls', '100 clueless', 'explained simply', 'simply 25', 'clueless', 'clueless greens']","['rt @ hallaschka_hh : # windenergy explained simply . 25 % polls . 100 % clueless . greens .', 'rt @ hallaschka_hh : # windenergy explained simply . 25 % polls . 100 % clueless . greens .', 'rt @ hallaschka_hh : # windenergy explained simply . 25 % polls . 100 % clueless . greens .']"
50,39,50_german_70 billion_energy tr_let rely,"['german', '70 billion', 'energy tr', 'let rely', 'money flows', 'import oil', 'flows', 'german money', 'flows abroad', 'billion german']","['rt @ vquaschning : every year , ‚Ç¨70 billion german money flows abroad import oil , gas , coal . let s rely german energy tr ...', 'rt @ vquaschning : every year , ‚Ç¨70 billion german money flows abroad import oil , gas , coal . let s rely german energy tr ...', 'rt @ vquaschning : every year , ‚Ç¨70 billion german money flows abroad import oil , gas , coal . let s rely german energy tr ...']"
51,38,51_10h_please sign_please_power ban,"['10h', 'please sign', 'please', 'power ban', 'sign', 'sign share', 'share', '10h bavaria', 'bavaria', 'bavaria wind']","['@ diezeit ‚ÄºÔ∏è please sign share `` 10h  ‚ÄºÔ∏è bavaria , wind power ban already de facto `` successful  `` thanks  blanket , arbitrary , completely excessive distancing regulations üò°üò†üò§', '@ a_socialpreneur ‚ÄºÔ∏è please sign share `` 10h  ‚ÄºÔ∏è bavaria , wind power ban already de facto `` successful  `` thanks  blanket , arbitrary , completely excessive distancing regulations üò°üò†üò§', '@ fff_bayern ‚ÄºÔ∏è please sign share `` 10h  ‚ÄºÔ∏è bavaria , wind power ban already de facto `` successful  `` thanks  blanket , arbitrary , completely excessive distancing regulations üò°üò†üò§']"
52,38,52_distance_latest draft_distance rule_turbines table,"['distance', 'latest draft', 'distance rule', 'turbines table', 'rule', 'draft', 'draft coal', 'table least', 'least now', 'phaseout law']","['rt @ solarpapst : # distance rule # wind turbines table ‚Äì least now . latest draft # coal phase-out law‚Ä¶', 'rt @ solarpapst : # distance rule # wind turbines table ‚Äì least now . latest draft # coal phase-out law‚Ä¶', 'rt @ solarpapst : # distance rule # wind turbines table ‚Äì least now . latest draft # coal phase-out law‚Ä¶']"
53,37,53_peteraltmaier_minister_minister peteraltmaier_destroying wind,"['peteraltmaier', 'minister', 'minister peteraltmaier', 'destroying wind', 'appeal', 'minister via', 'peteraltmaier destroying', 'appeal environment', 'stop sign', 'climate svenjaschulze68']","['economics minister @ peteraltmaier destroying # wind power ‚Äì # climate . @ svenjaschulze68 can still stop . sign appeal environment minister : via @ campact', 'economics minister @ peteraltmaier destroying # wind power ‚Äì # climate . @ svenjaschulze68 can still stop . sign appeal environment minister : via @ campact', 'economics minister @ peteraltmaier destroying # wind power ‚Äì # climate . @ svenjaschulze68 can still stop . sign appeal environment minister : via @ campact']"
54,36,54_co2_co2 emissions_karllauterbach cynical_cynical driving,"['co2', 'co2 emissions', 'karllauterbach cynical', 'cynical driving', 'co2 target', 'clear co2', 'power clear', 'driving fuelefficient', 'fuelefficient', 'fuelefficient cars']","['rt @ karl_lauterbach : s cynical driving fuel-efficient cars expanding wind power ? s clear co2 target ...', 'rt @ karl_lauterbach : s cynical driving fuel-efficient cars expanding wind power ? s clear co2 target ...', 'rt @ karl_lauterbach : s cynical driving fuel-efficient cars expanding wind power ? s clear co2 target ...']"
55,36,55_investors_local residents_power local_money wind,"['investors', 'local residents', 'power local', 'money wind', 'making lot', 'bleak future', 'investors making', 'future health', 'face bleak', 'vlabnatur investors']","['rt @ vlab_natur : investors making lot money wind power , local residents face bleak future . health ...', 'rt @ vlab_natur : investors making lot money wind power , local residents face bleak future . health ...', 'rt @ vlab_natur : investors making lot money wind power , local residents face bleak future . health ...']"
56,36,56_destructive bloc_oliverkrischer 11_whether nt_11 hamburg,"['destructive bloc', 'oliverkrischer 11', 'whether nt', '11 hamburg', 'continued destructive', 'hamburg cdu', 'cdu ask', 'bloc', 'nt something', 'something continued']","['rt @ oliver_krischer : 11 % # hamburg , @ cdu ask whether nt something continued destructive bloc ...', 'rt @ oliver_krischer : 11 % # hamburg , @ cdu ask whether nt something continued destructive bloc ...', 'rt @ oliver_krischer : 11 % # hamburg , @ cdu ask whether nt something continued destructive bloc ...']"
57,35,57_solar_germany_hydrogen_photovoltaics,"['solar', 'germany', 'hydrogen', 'photovoltaics', 'africa', 'germany pioneer', 'renewables booming', 'globally germany', 'booming globally', 'pioneer now']","['solar energy clearly outperforms wind energy : last year , nearly 4,000 mw photovoltaic capacity added germany , meaning far wind power newly commissioned onshore offshore . apparent since middle last year latest‚Ä¶', 'rt @ peter_simone : # renewables booming globally . germany pioneer , now wind energy slowed , photovoltaics flexpro‚Ä¶', 'rt @ peter_simone : # renewables booming globally . germany pioneer , now wind energy slowed , photovoltaics flexpro‚Ä¶']"
58,34,58_thanks zdfzoom_best presentation_chrz5 thanks_presentation political,"['thanks zdfzoom', 'best presentation', 'chrz5 thanks', 'presentation political', 'political obstacles', 'zdfzoom best', 'obstacles windenergy', 'rt chrz5', 'energy cheap', 'obstacles']","['rt @ chrz_5 : thanks @ zdfzoom best presentation political obstacles # windenergy germany . wind energy cheap , ‚Ä¶', 'rt @ chrz_5 : thanks @ zdfzoom best presentation political obstacles # windenergy germany . wind energy cheap , ‚Ä¶', 'rt @ chrz_5 : thanks @ zdfzoom best presentation political obstacles # windenergy germany . wind energy cheap , ‚Ä¶']"
59,33,59_ceo schmitz_anyone hoping_cue_climatecrisis take,"['ceo schmitz', 'anyone hoping', 'cue', 'climatecrisis take', 'hoping renaissance', 'cue rwe', 'rt kstukenberg', 'rwe ceo', 'take cue', 'schmitz economically']","['rt @ k_stukenberg : anyone hoping renaissance nuclear power # climatecrisis take cue rwe ceo schmitz :  s economically ...', 'rt @ k_stukenberg : anyone hoping renaissance nuclear power # climatecrisis take cue rwe ceo schmitz :  s economically ...', 'rt @ k_stukenberg : anyone hoping renaissance nuclear power # climatecrisis take cue rwe ceo schmitz :  s economically ...']"
60,33,60_badenwrttemberg_blumberg_turbines badenwrttemberg_permits wind,"['badenwrttemberg', 'blumberg', 'turbines badenwrttemberg', 'permits wind', 'blumberg wind', 'illegal', 'olivergorus permits', 'badenwrttemberg presumably', 'illegal blumberg', 'presumably illegal']","['rt @ olivergorus : `` permits wind turbines baden-w√ºrttemberg presumably illegal .  blumberg wind farm ...', 'rt @ olivergorus : `` permits wind turbines baden-w√ºrttemberg presumably illegal .  blumberg wind farm ...', 'rt @ olivergorus : `` permits wind turbines baden-w√ºrttemberg presumably illegal .  blumberg wind farm ...']"
61,33,61_federal_government_federal government_federal states,"['federal', 'government', 'federal government', 'federal states', 'states', 'government must', 'must', 'set', 'comes', 'states like']","['rt @ greenpeace_nrg : federal government must now set course # windenergy expansion increase # windpower . federal states like‚Ä¶', 'rt @ greenpeace_nrg : federal government must now set course # windenergy expansion increase # windpower . federal states like‚Ä¶', 'rt @ greenpeace_nrg : federal government must now set course # windenergy expansion increase # windpower . federal states like‚Ä¶']"
62,30,62_tender_bids_bnetza_bids wind,"['tender', 'bids', 'bnetza', 'bids wind', 'latest', 'oversubscribed', 'onshore', 'signed', 'onshore wind', 'oversubscribed bmwibund']","['rt @ constzerger : latest @ bnetza tender : bids # wind , # solar significantly oversubscribed . @ bmwi_bund ? ...', 'rt @ constzerger : latest @ bnetza tender : bids # wind , # solar significantly oversubscribed . @ bmwi_bund ? ...', 'rt @ constzerger : latest @ bnetza tender : bids # wind , # solar significantly oversubscribed . @ bmwi_bund ? ...']"
63,30,63_turbines thus_blinking_council ended_saschamk federal,"['turbines thus', 'blinking', 'council ended', 'saschamk federal', 'thus removing', 'blinking wind', 'continuous blinking', 'ended continuous', 'removing major', 'obstacle expansion']","['rt @ sascha_m_k : federal council ended continuous blinking wind turbines , thus removing major obstacle expansion # windenergy . j‚Ä¶', 'rt @ sascha_m_k : federal council ended continuous blinking wind turbines , thus removing major obstacle expansion # windenergy . j‚Ä¶', 'rt @ sascha_m_k : federal council ended continuous blinking wind turbines , thus removing major obstacle expansion # windenergy . j‚Ä¶']"
64,30,64_co2free_footprint_miserably wind_ecological footprint,"['co2free', 'footprint', 'miserably wind', 'ecological footprint', 'energytransition failed', 'supposed co2free', 'miserably', 'power ecological', 'footprint abysmal', 'failed miserably']","['rt @ vlab_natur : # energytransition failed miserably . wind power s ecological footprint abysmal , supposed `` co2-free  ...', 'rt @ vlab_natur : # energytransition failed miserably . wind power s ecological footprint abysmal , supposed `` co2-free  ...', 'rt @ vlab_natur : # energytransition failed miserably . wind power s ecological footprint abysmal , supposed `` co2-free  ...']"
65,30,65_fire_extinguish fire_extinguish_kassel fire,"['fire', 'extinguish fire', 'extinguish', 'kassel fire', 'can extinguish', 'department can', 'extinguishing', 'fire department', 'kassel', 'department']","['rt @ hallaschka_hh : today # guxhagen south # kassel - @ fire department can extinguish fire altitude extinguishing be‚Ä¶', 'rt @ hallaschka_hh : today # guxhagen south # kassel - @ fire department can extinguish fire altitude extinguishing be‚Ä¶', 'rt @ hallaschka_hh : today # guxhagen south # kassel - @ fire department can extinguish fire altitude extinguishing be‚Ä¶']"
66,29,66_power blackout_group leader_blackout_lanz,"['power blackout', 'group leader', 'blackout', 'lanz', 'parliamentary group', 'parliamentary', 'katharinaschulze wind', 'katharinaschulze', 'lanz according', 'according um']","['rt @ bb12_de : # greens parliamentary group leader state parliament , # katharinaschulze , wind power blackout # lanz . according um‚Ä¶', 'rt @ bb12_de : # greens parliamentary group leader state parliament , # katharinaschulze , wind power blackout # lanz . according um‚Ä¶', 'rt @ bb12_de : # greens parliamentary group leader state parliament , # katharinaschulze , wind power blackout # lanz . according um‚Ä¶']"
67,29,67_afraid alleged_alleged wind_around corner_amp end,"['afraid alleged', 'alleged wind', 'around corner', 'amp end', 'come around', 'citizens afraid', 'corner', 'carlareemtsma handful', 'corner amp', 'rt carlareemtsma']","['rt @ carla_reemtsma : handful concerned citizens afraid alleged wind turbine waves , politicians come around corner & amp ; end ...', 'rt @ carla_reemtsma : handful concerned citizens afraid alleged wind turbine waves , politicians come around corner & amp ; end ...', 'rt @ carla_reemtsma : handful concerned citizens afraid alleged wind turbine waves , politicians come around corner & amp ; end ...']"
68,29,68_bavaria_power bavaria_politicians just_bavaria can,"['bavaria', 'power bavaria', 'politicians just', 'bavaria can', 'rt parents4futurem', 'need to', 'selfsufficient renewableenergy', 'expanded politicians', 'parents4futurem bavaria', 'renewableenergy wind']","['rt @ parents4futurem : bavaria can become self-sufficient # renewableenergy wind power expanded . politicians just need to‚Ä¶', 'rt @ parents4futurem : bavaria can become self-sufficient # renewableenergy wind power expanded . politicians just need to‚Ä¶', 'rt @ parents4futurem : bavaria can become self-sufficient # renewableenergy wind power expanded . politicians just need to‚Ä¶']"
69,29,69_analyses_analyses shadow_assessments_assessments decentralized,"['analyses', 'analyses shadow', 'assessments', 'assessments decentralized', 'individual site', 'climate resident', 'shadow noise', 'noise assessments', 'yes climate', 'resident wildlife']","['@ peter_simone @ kerstinandreae @ bmwi_bund # windpower blanket distancing regulations ! yes climate , resident , wildlife protection - individual site analyses shadow noise assessments üí™üåçüí®‚òÄÔ∏èüåªü¶Öü¶âüê§üê¶ü¶áüêõü¶ãüêùüêûüåøüå≥üíö decentralized energy transition now !', '@ focus_topnews # windpower blanket distancing regulations ! yes climate , resident , wildlife protection - individual site analyses shadow noise assessments üí™üåçüí®‚òÄÔ∏èüåªü¶Öü¶âüê§üê¶ü¶áüêõü¶ãüêùüêûüåøüå≥üíö decentralized energy transition now !', '@ _friedrichmerz # windpower blanket distancing regulations , # 10h ! yes climate , resident , wildlife protection - individual site analyses shadow noise assessments üåçü¶Öü¶âüê¶ü¶áü¶ãüêùüêûüåøüå≥ decentralized energy transition now !']"
70,28,70_power oppose_conservationists also_also support_oppose social,"['power oppose', 'conservationists also', 'also support', 'oppose social', 'bird conservationists', 'bird', 'conservationists', 'oppose', 'support wind', 'social distancing']","['@ mariselja ‚ÄºÔ∏è expand wind power ‚ÄºÔ∏è  study : wind power bothers small minority   bird conservationists also support wind power oppose social distancing  sign :', '@ naturschutzring @ bund_net @ duh_4e @ germanwatch @ nabu_de @ wwf_deutschland @ greenpeace_de ‚ÄºÔ∏è expand wind power ‚ÄºÔ∏è  study : wind power bothers small minority   bird conservationists also support wind power oppose social distancing  sign :', '@ realsci_de ‚ÄºÔ∏è expand wind power ‚ÄºÔ∏è  study : wind power bothers small minority   bird conservationists also support wind power oppose social distancing  sign :']"
71,28,71_allowed_settlements_meters settlements_mining settlements,"['allowed', 'settlements', 'meters settlements', 'mining settlements', 'located within', 'allowed located', 'volksverpetzer wind', 'volksverpetzer', 'settlements similar', 'similar opencast']","['rt @ volksverpetzer : wind turbines : allowed located within 1,000 meters settlements . s similar open-cast coal mining . settlements allowed ...', 'rt @ volksverpetzer : wind turbines : allowed located within 1,000 meters settlements . s similar open-cast coal mining . settlements allowed ...', 'rt @ volksverpetzer : wind turbines : allowed located within 1,000 meters settlements . s similar open-cast coal mining . settlements allowed ...']"
72,27,72_election_afd_kemmerich_kemmerich scandal,"['election', 'afd', 'kemmerich', 'kemmerich scandal', 'scandal election', 'thuringia debate', 'excitement kemmerich', 'justified excitement', 'election thuringia', 'excitement']","['rt @ jdoeschner : despite ( justified ! ) excitement # kemmerich scandal election # thuringia , debate content cut ...', 'rt @ jdoeschner : despite ( justified ! ) excitement # kemmerich scandal election # thuringia , debate content cut ...', 'rt @ jdoeschner : despite ( justified ! ) excitement # kemmerich scandal election # thuringia , debate content cut ...']"
73,27,73_co2 emission_ckemfert co2_deceptive expansion_deceptive,"['co2 emission', 'ckemfert co2', 'deceptive expansion', 'deceptive', 'completely come', 'energy almost', 'emission reductions', 'emission', 'reductions deceptive', 'standstill urgent']","['rt @ ckemfert : co2 emission reductions deceptive : expansion wind energy almost completely come standstill , urgent measures‚Ä¶', 'rt @ ckemfert : co2 emission reductions deceptive : expansion wind energy almost completely come standstill , urgent measures‚Ä¶', 'rt @ ckemfert : co2 emission reductions deceptive : expansion wind energy almost completely come standstill , urgent measures‚Ä¶']"
74,26,74_objection_gennaker_baltic_baltic sea,"['objection', 'gennaker', 'baltic', 'baltic sea', 'sea', 'nabu', 'objection gennaker', 'flensburg protesting', 'sea near', 'destruction intrusion']","['rt @ joerg_rehmann : residents # baltic sea near # flensburg protesting # wind power . complain massive landscape destruction intrusion‚Ä¶', 'rt @ joerg_rehmann : residents # baltic sea near # flensburg protesting # wind power . complain massive landscape destruction intrusion‚Ä¶', 'rt @ joerg_rehmann : residents # baltic sea near # flensburg protesting # wind power . complain massive landscape destruction intrusion‚Ä¶']"
75,26,75_expansion correlation_approve expansion_correlation_correlation distance,"['expansion correlation', 'approve expansion', 'correlation', 'correlation distance', 'power 90', 'distance residents', 'residents attitudes', 'grimm new', 'percent approve', 'rt grimm']","['rt @ gri_mm : new study wind power : - 90 percent approve expansion - correlation distance residents  attitudes ...', 'rt @ gri_mm : new study wind power : - 90 percent approve expansion - correlation distance residents  attitudes ...', 'rt @ gri_mm : new study wind power : - 90 percent approve expansion - correlation distance residents  attitudes ...']"
76,25,76_sweden_western pomerania_western_vernunftkraft,"['sweden', 'western pomerania', 'western', 'vernunftkraft', 'pomerania', 'parents4future head', 'mecklenburg western', 'pomerania ht', 'power brings', 'largest lobby']","['rt @ forchheimeka : # wind power brings state extra # millions # euros | - news - # mecklenburg- # western pomerania ht‚Ä¶', 'rt @ forchheimeka : # wind power brings state extra # millions # euros | - news - # mecklenburg- # western pomerania ht‚Ä¶', 'rt @ forchheimeka : # wind power brings state extra # millions # euros | - news - # mecklenburg- # western pomerania ht‚Ä¶']"
